{
	"credit": "Made with Blockbench",
	"textures": {
		"1": "custom/flame_tex",
		"2": "custom/handletex",
		"3": "custom/haruma_hammer_tex",
		"particle": "custom/flame_tex"
	},
	"elements": [
		{
			"from": [8.3, 0, 7.45],
			"to": [8.55, 21, 7.7],
			"faces": {
				"north": {"uv": [6, 0, 6.5, 14], "texture": "#2"},
				"east": {"uv": [7, 0, 7.5, 14], "texture": "#2"},
				"south": {"uv": [8, 0, 8.5, 14], "texture": "#2"},
				"west": {"uv": [9, 0, 9.5, 14], "texture": "#2"},
				"up": {"uv": [15.5, 2.5, 15, 2], "texture": "#2"},
				"down": {"uv": [15.5, 3, 15, 3.5], "texture": "#2"}
			}
		},
		{
			"from": [7.45, 0, 7.45],
			"to": [7.7, 21, 7.7],
			"faces": {
				"north": {"uv": [10, 0, 10.5, 14], "texture": "#2"},
				"east": {"uv": [11, 0, 11.5, 14], "texture": "#2"},
				"south": {"uv": [12, 0, 12.5, 14], "texture": "#2"},
				"west": {"uv": [13, 0, 13.5, 14], "texture": "#2"},
				"up": {"uv": [15.5, 4.5, 15, 4], "texture": "#2"},
				"down": {"uv": [15.5, 5, 15, 5.5], "texture": "#2"}
			}
		},
		{
			"from": [7.45, 0, 8.3],
			"to": [7.7, 21, 8.55],
			"faces": {
				"north": {"uv": [3, 2, 3.5, 16], "texture": "#2"},
				"east": {"uv": [14, 0, 14.5, 14], "texture": "#2"},
				"south": {"uv": [1, 2, 1.5, 16], "texture": "#2"},
				"west": {"uv": [2, 2, 2.5, 16], "texture": "#2"},
				"up": {"uv": [15.5, 6.5, 15, 6], "texture": "#2"},
				"down": {"uv": [15.5, 7, 15, 7.5], "texture": "#2"}
			}
		},
		{
			"from": [8.3, 0, 8.3],
			"to": [8.55, 21, 8.55],
			"faces": {
				"north": {"uv": [7, 2, 7.5, 16], "texture": "#2"},
				"east": {"uv": [8, 2, 8.5, 16], "texture": "#2"},
				"south": {"uv": [9, 2, 9.5, 16], "texture": "#2"},
				"west": {"uv": [10, 2, 10.5, 16], "texture": "#2"},
				"up": {"uv": [15.5, 8.5, 15, 8], "texture": "#2"},
				"down": {"uv": [15.5, 9, 15, 9.5], "texture": "#2"}
			}
		},
		{
			"from": [7.7, 0, 8.3],
			"to": [8.3, 21, 8.7],
			"faces": {
				"north": {"uv": [13.5, 5, 14.5, 16], "texture": "#2"},
				"east": {"uv": [8, 1, 9, 16], "texture": "#2"},
				"south": {"uv": [6, 0, 7, 16], "texture": "#2"},
				"west": {"uv": [10, 1.5, 11, 16], "texture": "#2"},
				"up": {"uv": [15.5, 10.5, 15, 10], "texture": "#2"},
				"down": {"uv": [16, 11, 15, 12], "texture": "#2"}
			}
		},
		{
			"from": [7.7, 0, 7.3],
			"to": [8.3, 21, 7.7],
			"faces": {
				"north": {"uv": [9, 0, 10, 14], "texture": "#2"},
				"east": {"uv": [12, 2, 12.5, 16], "texture": "#2"},
				"south": {"uv": [13, 2, 13.5, 16], "texture": "#2"},
				"west": {"uv": [14, 2, 14.5, 16], "texture": "#2"},
				"up": {"uv": [15.5, 12.5, 15, 12], "texture": "#2"},
				"down": {"uv": [15.5, 12.5, 14.5, 13.5], "texture": "#2"}
			}
		},
		{
			"from": [7.2, 0, 7.7],
			"to": [8.8, 21, 8.3],
			"faces": {
				"north": {"uv": [5.5, 13, 6.5, 0], "texture": "#2"},
				"east": {"uv": [1.5, 0, 2.5, 14], "texture": "#2"},
				"south": {"uv": [9, 0, 10.5, 14], "texture": "#2"},
				"west": {"uv": [0.5, 0, 1.5, 14], "texture": "#2"},
				"up": {"uv": [12.5, 3, 11, 2.5], "texture": "#2"},
				"down": {"uv": [12.5, 4.5, 11, 5.5], "texture": "#2"}
			}
		},
		{
			"from": [7.25, 18, 5.95],
			"to": [7.5, 19, 6],
			"faces": {
				"north": {"uv": [5, 9, 6, 13], "texture": "#1"},
				"east": {"uv": [4, 6, 5, 8], "texture": "#1"},
				"south": {"uv": [6, 4, 7, 6], "texture": "#1"},
				"west": {"uv": [5, 9, 6, 11], "texture": "#1"},
				"up": {"uv": [9, 9, 8, 8], "texture": "#1"},
				"down": {"uv": [1, 10, 0, 11], "texture": "#1"}
			}
		},
		{
			"from": [7, 18.25, 5.95],
			"to": [7.25, 18.5, 6],
			"faces": {
				"north": {"uv": [6, 11, 7, 12], "texture": "#1"},
				"east": {"uv": [2, 10, 3, 11], "texture": "#1"},
				"south": {"uv": [10, 2, 11, 3], "texture": "#1"},
				"west": {"uv": [1, 7, 2, 8], "texture": "#1"},
				"up": {"uv": [7, 12, 6, 11], "texture": "#1"},
				"down": {"uv": [7, 11, 6, 12], "texture": "#1"}
			}
		},
		{
			"from": [7.5, 19.5, 5.95],
			"to": [8, 19.75, 6],
			"faces": {
				"north": {"uv": [3, 6, 5, 7], "texture": "#1"},
				"east": {"uv": [3, 6, 4, 7], "texture": "#1"},
				"south": {"uv": [10, 8, 11, 9], "texture": "#1"},
				"west": {"uv": [10, 10, 11, 11], "texture": "#1"},
				"up": {"uv": [5, 7, 3, 6], "texture": "#1"},
				"down": {"uv": [13, 0, 12, 1], "texture": "#1"}
			}
		},
		{
			"from": [7.25, 19.25, 5.95],
			"to": [8.25, 19.5, 6],
			"faces": {
				"north": {"uv": [1, 8, 5, 9], "texture": "#1"},
				"east": {"uv": [1, 12, 2, 13], "texture": "#1"},
				"south": {"uv": [8, 0, 10, 1], "texture": "#1"},
				"west": {"uv": [12, 2, 13, 3], "texture": "#1"},
				"up": {"uv": [11, 11, 10, 10], "texture": "#1"},
				"down": {"uv": [5, 8, 4, 9], "texture": "#1"}
			}
		},
		{
			"from": [8.5, 18.25, 5.95],
			"to": [8.75, 18.75, 6],
			"faces": {
				"north": {"uv": [0, 10, 1, 12], "texture": "#1"},
				"east": {"uv": [0, 10, 1, 12], "texture": "#1"},
				"south": {"uv": [6, 12, 7, 13], "texture": "#1"},
				"west": {"uv": [12, 6, 13, 7], "texture": "#1"},
				"up": {"uv": [1, 11, 0, 10], "texture": "#1"},
				"down": {"uv": [1, 11, 0, 12], "texture": "#1"}
			}
		},
		{
			"from": [7.5, 18, 5.95],
			"to": [8.5, 19.25, 6],
			"faces": {
				"north": {"uv": [1, 8, 5, 13], "texture": "#1"},
				"east": {"uv": [1, 12, 2, 13], "texture": "#1"},
				"south": {"uv": [2, 0, 4, 3], "texture": "#1"},
				"west": {"uv": [4, 0, 5, 3], "texture": "#1"},
				"up": {"uv": [6, 9, 4, 8], "texture": "#1"},
				"down": {"uv": [2, 12, 1, 13], "texture": "#1"}
			}
		},
		{
			"from": [7.5, 17.75, 5.95],
			"to": [8.25, 18, 6],
			"faces": {
				"north": {"uv": [2, 13, 5, 14], "texture": "#1"},
				"east": {"uv": [2, 13, 3, 14], "texture": "#1"},
				"south": {"uv": [4, 4, 6, 5], "texture": "#1"},
				"west": {"uv": [4, 13, 5, 14], "texture": "#1"},
				"up": {"uv": [8, 1, 6, 0], "texture": "#1"},
				"down": {"uv": [5, 13, 2, 14], "texture": "#1"}
			}
		},
		{
			"from": [9.75, 19.25, 10],
			"to": [10, 19.75, 10.05],
			"rotation": {"angle": 0, "axis": "y", "origin": [0, 0, 16]},
			"faces": {
				"north": {"uv": [11, 2, 10, 3], "texture": "#1"},
				"east": {"uv": [3, 10, 2, 11], "texture": "#1"},
				"south": {"uv": [4, 7, 3, 9], "texture": "#1"},
				"west": {"uv": [2, 7, 1, 8], "texture": "#1"},
				"up": {"uv": [7, 11, 6, 12], "texture": "#1"},
				"down": {"uv": [7, 12, 6, 11], "texture": "#1"}
			}
		},
		{
			"from": [10.75, 19.25, 10],
			"to": [11, 19.75, 10.05],
			"rotation": {"angle": 0, "axis": "y", "origin": [0, 0, 16]},
			"faces": {
				"north": {"uv": [11, 2, 10, 3], "texture": "#1"},
				"east": {"uv": [3, 10, 2, 11], "texture": "#1"},
				"south": {"uv": [4, 7, 3, 9], "texture": "#1"},
				"west": {"uv": [2, 7, 1, 8], "texture": "#1"},
				"up": {"uv": [7, 11, 6, 12], "texture": "#1"},
				"down": {"uv": [7, 12, 6, 11], "texture": "#1"}
			}
		},
		{
			"from": [10, 19, 10],
			"to": [10.25, 19.5, 10.05],
			"rotation": {"angle": 0, "axis": "y", "origin": [0, 0, 16]},
			"faces": {
				"north": {"uv": [11, 2, 10, 3], "texture": "#1"},
				"east": {"uv": [3, 10, 2, 11], "texture": "#1"},
				"south": {"uv": [4, 8, 3, 10], "texture": "#1"},
				"west": {"uv": [2, 7, 1, 8], "texture": "#1"},
				"up": {"uv": [7, 11, 6, 12], "texture": "#1"},
				"down": {"uv": [7, 12, 6, 11], "texture": "#1"}
			}
		},
		{
			"from": [10.5, 19, 10],
			"to": [10.75, 19.5, 10.05],
			"rotation": {"angle": 0, "axis": "y", "origin": [0, 0, 16]},
			"faces": {
				"north": {"uv": [11, 2, 10, 3], "texture": "#1"},
				"east": {"uv": [3, 10, 2, 11], "texture": "#1"},
				"south": {"uv": [4, 8, 3, 10], "texture": "#1"},
				"west": {"uv": [2, 7, 1, 8], "texture": "#1"},
				"up": {"uv": [7, 11, 6, 12], "texture": "#1"},
				"down": {"uv": [7, 12, 6, 11], "texture": "#1"}
			}
		},
		{
			"from": [10.25, 18.75, 10],
			"to": [10.5, 19.25, 10.05],
			"rotation": {"angle": 0, "axis": "y", "origin": [0, 0, 16]},
			"faces": {
				"north": {"uv": [11, 2, 10, 3], "texture": "#1"},
				"east": {"uv": [3, 10, 2, 11], "texture": "#1"},
				"south": {"uv": [4, 9, 3, 11], "texture": "#1"},
				"west": {"uv": [2, 7, 1, 8], "texture": "#1"},
				"up": {"uv": [7, 11, 6, 12], "texture": "#1"},
				"down": {"uv": [7, 12, 6, 11], "texture": "#1"}
			}
		},
		{
			"from": [9.5, 18, 10],
			"to": [9.75, 20, 10.05],
			"rotation": {"angle": 0, "axis": "y", "origin": [0, 0, 16]},
			"faces": {
				"north": {"uv": [11, 2, 10, 3], "texture": "#1"},
				"east": {"uv": [3, 10, 2, 11], "texture": "#1"},
				"south": {"uv": [4, 7, 3, 13], "texture": "#1"},
				"west": {"uv": [2, 7, 1, 8], "texture": "#1"},
				"up": {"uv": [7, 11, 6, 12], "texture": "#1"},
				"down": {"uv": [7, 12, 6, 11], "texture": "#1"}
			}
		},
		{
			"from": [11, 18, 10],
			"to": [11.25, 20, 10.05],
			"rotation": {"angle": 0, "axis": "y", "origin": [0, 0, 16]},
			"faces": {
				"north": {"uv": [11, 2, 10, 3], "texture": "#1"},
				"east": {"uv": [3, 10, 2, 11], "texture": "#1"},
				"south": {"uv": [4, 7, 3, 13], "texture": "#1"},
				"west": {"uv": [2, 7, 1, 8], "texture": "#1"},
				"up": {"uv": [7, 11, 6, 12], "texture": "#1"},
				"down": {"uv": [7, 12, 6, 11], "texture": "#1"}
			}
		},
		{
			"from": [8.25, 18, 10],
			"to": [9, 18.25, 10.05],
			"rotation": {"angle": 0, "axis": "y", "origin": [0, 0, 16]},
			"faces": {
				"north": {"uv": [11, 2, 10, 3], "texture": "#1"},
				"east": {"uv": [3, 10, 2, 11], "texture": "#1"},
				"south": {"uv": [5, 12, 3, 13], "texture": "#1"},
				"west": {"uv": [2, 7, 1, 8], "texture": "#1"},
				"up": {"uv": [7, 11, 6, 12], "texture": "#1"},
				"down": {"uv": [7, 12, 6, 11], "texture": "#1"}
			}
		},
		{
			"from": [8, 18.25, 10],
			"to": [8.25, 20, 10.05],
			"rotation": {"angle": 0, "axis": "y", "origin": [0, 0, 16]},
			"faces": {
				"north": {"uv": [11, 2, 10, 3], "texture": "#1"},
				"east": {"uv": [3, 10, 2, 11], "texture": "#1"},
				"south": {"uv": [4, 7, 3, 12], "texture": "#1"},
				"west": {"uv": [2, 7, 1, 8], "texture": "#1"},
				"up": {"uv": [7, 11, 6, 12], "texture": "#1"},
				"down": {"uv": [7, 12, 6, 11], "texture": "#1"}
			}
		},
		{
			"from": [9, 18, 10],
			"to": [9.25, 20, 10.05],
			"rotation": {"angle": 0, "axis": "y", "origin": [0, 0, 16]},
			"faces": {
				"north": {"uv": [11, 2, 10, 3], "texture": "#1"},
				"east": {"uv": [3, 10, 2, 11], "texture": "#1"},
				"south": {"uv": [4, 7, 3, 13], "texture": "#1"},
				"west": {"uv": [2, 7, 1, 8], "texture": "#1"},
				"up": {"uv": [7, 11, 6, 12], "texture": "#1"},
				"down": {"uv": [7, 12, 6, 11], "texture": "#1"}
			}
		},
		{
			"from": [6.5, 18, 10],
			"to": [6.75, 20, 10.05],
			"rotation": {"angle": 0, "axis": "y", "origin": [0, 0, 16]},
			"faces": {
				"north": {"uv": [11, 2, 10, 3], "texture": "#1"},
				"east": {"uv": [3, 10, 2, 11], "texture": "#1"},
				"south": {"uv": [4, 7, 3, 13], "texture": "#1"},
				"west": {"uv": [2, 7, 1, 8], "texture": "#1"},
				"up": {"uv": [7, 11, 6, 12], "texture": "#1"},
				"down": {"uv": [7, 12, 6, 11], "texture": "#1"}
			}
		},
		{
			"from": [5.25, 18.75, 10],
			"to": [6, 19, 10.05],
			"rotation": {"angle": 0, "axis": "y", "origin": [0, 0, 16]},
			"faces": {
				"north": {"uv": [11, 2, 10, 3], "texture": "#1"},
				"east": {"uv": [3, 10, 2, 11], "texture": "#1"},
				"south": {"uv": [4, 10, 3, 11], "texture": "#1"},
				"west": {"uv": [2, 7, 1, 8], "texture": "#1"},
				"up": {"uv": [7, 11, 6, 12], "texture": "#1"},
				"down": {"uv": [7, 12, 6, 11], "texture": "#1"}
			}
		},
		{
			"from": [5.5, 19.75, 10],
			"to": [5.75, 20, 10.05],
			"rotation": {"angle": 0, "axis": "y", "origin": [0, 0, 16]},
			"faces": {
				"north": {"uv": [11, 2, 10, 3], "texture": "#1"},
				"east": {"uv": [3, 10, 2, 11], "texture": "#1"},
				"south": {"uv": [4, 7, 3, 8], "texture": "#1"},
				"west": {"uv": [2, 7, 1, 8], "texture": "#1"},
				"up": {"uv": [7, 11, 6, 12], "texture": "#1"},
				"down": {"uv": [7, 12, 6, 11], "texture": "#1"}
			}
		},
		{
			"from": [5, 18, 10],
			"to": [5.25, 19.5, 10.05],
			"rotation": {"angle": 0, "axis": "y", "origin": [0, 0, 16]},
			"faces": {
				"north": {"uv": [11, 2, 10, 3], "texture": "#1"},
				"east": {"uv": [3, 10, 2, 11], "texture": "#1"},
				"south": {"uv": [4, 9, 3, 13], "texture": "#1"},
				"west": {"uv": [2, 7, 1, 8], "texture": "#1"},
				"up": {"uv": [7, 11, 6, 12], "texture": "#1"},
				"down": {"uv": [7, 12, 6, 11], "texture": "#1"}
			}
		},
		{
			"from": [6, 18, 10],
			"to": [6.25, 19.5, 10.05],
			"rotation": {"angle": 0, "axis": "y", "origin": [0, 0, 16]},
			"faces": {
				"north": {"uv": [11, 2, 10, 3], "texture": "#1"},
				"east": {"uv": [3, 10, 2, 11], "texture": "#1"},
				"south": {"uv": [4, 9, 3, 13], "texture": "#1"},
				"west": {"uv": [2, 7, 1, 8], "texture": "#1"},
				"up": {"uv": [7, 11, 6, 12], "texture": "#1"},
				"down": {"uv": [7, 12, 6, 11], "texture": "#1"}
			}
		},
		{
			"from": [5.25, 19.5, 10],
			"to": [5.5, 19.75, 10.05],
			"rotation": {"angle": 0, "axis": "y", "origin": [0, 0, 16]},
			"faces": {
				"north": {"uv": [11, 2, 10, 3], "texture": "#1"},
				"east": {"uv": [3, 10, 2, 11], "texture": "#1"},
				"south": {"uv": [4, 8, 3, 9], "texture": "#1"},
				"west": {"uv": [2, 7, 1, 8], "texture": "#1"},
				"up": {"uv": [7, 11, 6, 12], "texture": "#1"},
				"down": {"uv": [7, 12, 6, 11], "texture": "#1"}
			}
		},
		{
			"from": [6.75, 19.75, 10],
			"to": [7.5, 20, 10.05],
			"rotation": {"angle": 0, "axis": "y", "origin": [0, 0, 16]},
			"faces": {
				"north": {"uv": [11, 2, 10, 3], "texture": "#1"},
				"east": {"uv": [3, 10, 2, 11], "texture": "#1"},
				"south": {"uv": [4, 7, 3, 8], "texture": "#1"},
				"west": {"uv": [2, 7, 1, 8], "texture": "#1"},
				"up": {"uv": [7, 11, 6, 12], "texture": "#1"},
				"down": {"uv": [7, 12, 6, 11], "texture": "#1"}
			}
		},
		{
			"from": [6.75, 18.75, 10],
			"to": [7.5, 19, 10.05],
			"rotation": {"angle": 0, "axis": "y", "origin": [0, 0, 16]},
			"faces": {
				"north": {"uv": [11, 2, 10, 3], "texture": "#1"},
				"east": {"uv": [3, 10, 2, 11], "texture": "#1"},
				"south": {"uv": [5, 10, 4, 11], "texture": "#1"},
				"west": {"uv": [2, 7, 1, 8], "texture": "#1"},
				"up": {"uv": [7, 11, 6, 12], "texture": "#1"},
				"down": {"uv": [7, 12, 6, 11], "texture": "#1"}
			}
		},
		{
			"from": [7, 18.5, 10],
			"to": [7.25, 18.75, 10.05],
			"rotation": {"angle": 0, "axis": "y", "origin": [0, 0, 16]},
			"faces": {
				"north": {"uv": [11, 2, 10, 3], "texture": "#1"},
				"east": {"uv": [3, 10, 2, 11], "texture": "#1"},
				"south": {"uv": [4, 11, 3, 12], "texture": "#1"},
				"west": {"uv": [2, 7, 1, 8], "texture": "#1"},
				"up": {"uv": [7, 11, 6, 12], "texture": "#1"},
				"down": {"uv": [7, 12, 6, 11], "texture": "#1"}
			}
		},
		{
			"from": [7.25, 18.25, 10],
			"to": [7.5, 18.5, 10.05],
			"rotation": {"angle": 0, "axis": "y", "origin": [0, 0, 16]},
			"faces": {
				"north": {"uv": [11, 2, 10, 3], "texture": "#1"},
				"east": {"uv": [3, 10, 2, 11], "texture": "#1"},
				"south": {"uv": [4, 11, 3, 12], "texture": "#1"},
				"west": {"uv": [2, 7, 1, 8], "texture": "#1"},
				"up": {"uv": [7, 11, 6, 12], "texture": "#1"},
				"down": {"uv": [7, 12, 6, 11], "texture": "#1"}
			}
		},
		{
			"from": [7.5, 18, 10],
			"to": [7.75, 18.25, 10.05],
			"rotation": {"angle": 0, "axis": "y", "origin": [0, 0, 16]},
			"faces": {
				"north": {"uv": [11, 2, 10, 3], "texture": "#1"},
				"east": {"uv": [3, 10, 2, 11], "texture": "#1"},
				"south": {"uv": [5, 11, 4, 12], "texture": "#1"},
				"west": {"uv": [2, 7, 1, 8], "texture": "#1"},
				"up": {"uv": [7, 11, 6, 12], "texture": "#1"},
				"down": {"uv": [7, 12, 6, 11], "texture": "#1"}
			}
		},
		{
			"from": [7.5, 19, 10],
			"to": [7.75, 19.75, 10.05],
			"rotation": {"angle": 0, "axis": "y", "origin": [0, 0, 16]},
			"faces": {
				"north": {"uv": [11, 2, 10, 3], "texture": "#1"},
				"east": {"uv": [3, 10, 2, 11], "texture": "#1"},
				"south": {"uv": [4, 8, 3, 11], "texture": "#1"},
				"west": {"uv": [2, 7, 1, 8], "texture": "#1"},
				"up": {"uv": [7, 11, 6, 12], "texture": "#1"},
				"down": {"uv": [7, 12, 6, 11], "texture": "#1"}
			}
		},
		{
			"from": [5.75, 19.5, 10],
			"to": [6, 19.75, 10.05],
			"rotation": {"angle": 0, "axis": "y", "origin": [0, 0, 16]},
			"faces": {
				"north": {"uv": [11, 2, 10, 3], "texture": "#1"},
				"east": {"uv": [3, 10, 2, 11], "texture": "#1"},
				"south": {"uv": [4, 8, 3, 9], "texture": "#1"},
				"west": {"uv": [2, 7, 1, 8], "texture": "#1"},
				"up": {"uv": [7, 11, 6, 12], "texture": "#1"},
				"down": {"uv": [7, 12, 6, 11], "texture": "#1"}
			}
		},
		{
			"from": [11.5, 18, 10],
			"to": [11.75, 19.5, 10.05],
			"rotation": {"angle": 0, "axis": "y", "origin": [0, 0, 16]},
			"faces": {
				"north": {"uv": [11, 2, 10, 3], "texture": "#1"},
				"east": {"uv": [3, 10, 2, 11], "texture": "#1"},
				"south": {"uv": [4, 9, 3, 13], "texture": "#1"},
				"west": {"uv": [2, 7, 1, 8], "texture": "#1"},
				"up": {"uv": [7, 11, 6, 12], "texture": "#1"},
				"down": {"uv": [7, 12, 6, 11], "texture": "#1"}
			}
		},
		{
			"from": [11.75, 18.75, 10],
			"to": [12.5, 19, 10.05],
			"rotation": {"angle": 0, "axis": "y", "origin": [0, 0, 16]},
			"faces": {
				"north": {"uv": [11, 2, 10, 3], "texture": "#1"},
				"east": {"uv": [3, 10, 2, 11], "texture": "#1"},
				"south": {"uv": [5, 10, 3, 11], "texture": "#1"},
				"west": {"uv": [2, 7, 1, 8], "texture": "#1"},
				"up": {"uv": [7, 11, 6, 12], "texture": "#1"},
				"down": {"uv": [7, 12, 6, 11], "texture": "#1"}
			}
		},
		{
			"from": [12.5, 18, 10],
			"to": [12.75, 19.5, 10.05],
			"rotation": {"angle": 0, "axis": "y", "origin": [0, 0, 16]},
			"faces": {
				"north": {"uv": [11, 2, 10, 3], "texture": "#1"},
				"east": {"uv": [3, 10, 2, 11], "texture": "#1"},
				"south": {"uv": [4, 9, 3, 13], "texture": "#1"},
				"west": {"uv": [2, 7, 1, 8], "texture": "#1"},
				"up": {"uv": [7, 11, 6, 12], "texture": "#1"},
				"down": {"uv": [7, 12, 6, 11], "texture": "#1"}
			}
		},
		{
			"from": [12.25, 19.5, 10],
			"to": [12.5, 19.75, 10.05],
			"rotation": {"angle": 0, "axis": "y", "origin": [0, 0, 16]},
			"faces": {
				"north": {"uv": [11, 2, 10, 3], "texture": "#1"},
				"east": {"uv": [3, 10, 2, 11], "texture": "#1"},
				"south": {"uv": [4, 8, 3, 9], "texture": "#1"},
				"west": {"uv": [2, 7, 1, 8], "texture": "#1"},
				"up": {"uv": [7, 11, 6, 12], "texture": "#1"},
				"down": {"uv": [7, 12, 6, 11], "texture": "#1"}
			}
		},
		{
			"from": [11.75, 19.5, 10],
			"to": [12, 19.75, 10.05],
			"rotation": {"angle": 0, "axis": "y", "origin": [0, 0, 16]},
			"faces": {
				"north": {"uv": [11, 2, 10, 3], "texture": "#1"},
				"east": {"uv": [3, 10, 2, 11], "texture": "#1"},
				"south": {"uv": [4, 8, 3, 9], "texture": "#1"},
				"west": {"uv": [2, 7, 1, 8], "texture": "#1"},
				"up": {"uv": [7, 11, 6, 12], "texture": "#1"},
				"down": {"uv": [7, 12, 6, 11], "texture": "#1"}
			}
		},
		{
			"from": [12, 19.75, 10],
			"to": [12.25, 20, 10.05],
			"rotation": {"angle": 0, "axis": "y", "origin": [0, 0, 16]},
			"faces": {
				"north": {"uv": [11, 2, 10, 3], "texture": "#1"},
				"east": {"uv": [3, 10, 2, 11], "texture": "#1"},
				"south": {"uv": [4, 7, 3, 8], "texture": "#1"},
				"west": {"uv": [2, 7, 1, 8], "texture": "#1"},
				"up": {"uv": [7, 11, 6, 12], "texture": "#1"},
				"down": {"uv": [7, 12, 6, 11], "texture": "#1"}
			}
		},
		{
			"from": [4.5, 18, 10],
			"to": [4.75, 20, 10.05],
			"rotation": {"angle": 0, "axis": "y", "origin": [0, 0, 16]},
			"faces": {
				"north": {"uv": [11, 2, 10, 3], "texture": "#1"},
				"east": {"uv": [3, 10, 2, 11], "texture": "#1"},
				"south": {"uv": [4, 7, 3, 13], "texture": "#1"},
				"west": {"uv": [2, 7, 1, 8], "texture": "#1"},
				"up": {"uv": [7, 11, 6, 12], "texture": "#1"},
				"down": {"uv": [7, 12, 6, 11], "texture": "#1"}
			}
		},
		{
			"from": [3.75, 18.75, 10],
			"to": [4.5, 19, 10.05],
			"rotation": {"angle": 0, "axis": "y", "origin": [0, 0, 16]},
			"faces": {
				"north": {"uv": [11, 2, 10, 3], "texture": "#1"},
				"east": {"uv": [3, 10, 2, 11], "texture": "#1"},
				"south": {"uv": [5, 10, 4, 11], "texture": "#1"},
				"west": {"uv": [2, 7, 1, 8], "texture": "#1"},
				"up": {"uv": [7, 11, 6, 12], "texture": "#1"},
				"down": {"uv": [7, 12, 6, 11], "texture": "#1"}
			}
		},
		{
			"from": [3.5, 18, 10],
			"to": [3.75, 20, 10.05],
			"rotation": {"angle": 0, "axis": "y", "origin": [0, 0, 16]},
			"faces": {
				"north": {"uv": [11, 2, 10, 3], "texture": "#1"},
				"east": {"uv": [3, 10, 2, 11], "texture": "#1"},
				"south": {"uv": [4, 7, 3, 13], "texture": "#1"},
				"west": {"uv": [2, 7, 1, 8], "texture": "#1"},
				"up": {"uv": [7, 11, 6, 12], "texture": "#1"},
				"down": {"uv": [7, 12, 6, 11], "texture": "#1"}
			}
		},
		{
			"from": [0, 16.75, 6],
			"to": [16, 20.75, 10],
			"faces": {
				"north": {"uv": [0, 3, 14, 7], "texture": "#3"},
				"east": {"uv": [0, 6, 4, 10], "texture": "#3"},
				"south": {"uv": [0, 3, 14, 7], "texture": "#3"},
				"west": {"uv": [0, 6, 4, 10], "texture": "#3"},
				"up": {"uv": [14, 7, 0, 3], "texture": "#3"},
				"down": {"uv": [14, 3, 0, 7], "texture": "#3"}
			}
		},
		{
			"from": [13.5, 16.5, 5.75],
			"to": [15.5, 21, 10.25],
			"faces": {
				"north": {"uv": [14, 12, 16, 16], "texture": "#3"},
				"east": {"uv": [14, 12, 16, 16], "texture": "#3"},
				"south": {"uv": [14, 12, 16, 16], "texture": "#3"},
				"west": {"uv": [14, 12, 16, 16], "texture": "#3"},
				"up": {"uv": [16, 16, 14, 12], "texture": "#3"},
				"down": {"uv": [16, 12, 14, 16], "texture": "#3"}
			}
		},
		{
			"from": [0.5, 16.5, 5.75],
			"to": [2.5, 21, 10.25],
			"faces": {
				"north": {"uv": [14, 12, 16, 16], "texture": "#3"},
				"east": {"uv": [14, 12, 16, 16], "texture": "#3"},
				"south": {"uv": [14, 12, 16, 16], "texture": "#3"},
				"west": {"uv": [14, 12, 16, 16], "texture": "#3"},
				"up": {"uv": [16, 16, 14, 12], "texture": "#3"},
				"down": {"uv": [16, 12, 14, 16], "texture": "#3"}
			}
		}
	],
	"display": {
		"thirdperson_righthand": {
			"rotation": [0, 90, -4],
			"translation": [0, 3, 1.5]
		},
		"thirdperson_lefthand": {
			"rotation": [0, -90, 4],
			"translation": [0, 3, 1.5]
		},
		"firstperson_righthand": {
			"rotation": [17, -90, 14],
			"translation": [0.5, 1.25, 0.5]
		},
		"firstperson_lefthand": {
			"rotation": [-16, -90, -1],
			"translation": [0.5, 1.75, 3]
		},
		"ground": {
			"rotation": [-90, 0, 0],
			"translation": [0, -2.75, 0]
		},
		"gui": {
			"rotation": [0, 0, 45],
			"translation": [3.75, -3.75, 0],
			"scale": [0.8, 0.8, 0.8]
		},
		"head": {
			"translation": [0, 8.5, 0]
		},
		"fixed": {
			"rotation": [0, 176, 45],
			"translation": [-3.5, -3.5, 0.5],
			"scale": [0.9, 0.9, 0.9]
		}
	},
	"groups": [
		{
			"name": "handle",
			"origin": [0, 0, 0],
			"color": 0,
			"children": [0, 1, 2, 3, 4, 5, 6]
		},
		{
			"name": "flame N",
			"origin": [0, 0, 0],
			"color": 0,
			"children": [7, 8, 9, 10, 11, 12, 13]
		},
		{
			"name": "flame S",
			"origin": [0, 0, 0],
			"color": 0,
			"children": [14, 15, 16, 17, 18, 19, 20, 21, 22, 23, 24, 25, 26, 27, 28, 29, 30, 31, 32, 33, 34, 35, 36, 37, 38, 39, 40, 41, 42, 43, 44, 45]
		},
		{
			"name": "group",
			"origin": [14.21351, 11.43471, 8],
			"color": 0,
			"children": [46, 47, 48]
		}
	]
}