{
	"credit": "Made with Blockbench",
	"textures": {
		"1": "custom/flame_tex",
		"2": "custom/handletex",
		"3": "custom/pic_head_tex",
		"particle": "custom/flame_tex"
	},
	"elements": [
		{
			"from": [7.2, 0, 7.7],
			"to": [8.8, 14, 8.3],
			"faces": {
				"north": {"uv": [5.5, 13, 6.5, 0], "texture": "#2"},
				"east": {"uv": [1.5, 0, 2.5, 14], "texture": "#2"},
				"south": {"uv": [9, 0, 10.5, 14], "texture": "#2"},
				"west": {"uv": [0.5, 0, 1.5, 14], "texture": "#2"},
				"up": {"uv": [12.5, 3, 11, 2.5], "texture": "#2"},
				"down": {"uv": [12.5, 4.5, 11, 5.5], "texture": "#2"}
			}
		},
		{
			"from": [8.3, 0, 7.45],
			"to": [8.55, 14, 7.7],
			"faces": {
				"north": {"uv": [6, 0, 6.5, 14], "texture": "#2"},
				"east": {"uv": [7, 0, 7.5, 14], "texture": "#2"},
				"south": {"uv": [8, 0, 8.5, 14], "texture": "#2"},
				"west": {"uv": [9, 0, 9.5, 14], "texture": "#2"},
				"up": {"uv": [15.5, 2.5, 15, 2], "texture": "#2"},
				"down": {"uv": [15.5, 3, 15, 3.5], "texture": "#2"}
			}
		},
		{
			"from": [7.45, 0, 7.45],
			"to": [7.7, 14, 7.7],
			"faces": {
				"north": {"uv": [10, 0, 10.5, 14], "texture": "#2"},
				"east": {"uv": [11, 0, 11.5, 14], "texture": "#2"},
				"south": {"uv": [12, 0, 12.5, 14], "texture": "#2"},
				"west": {"uv": [13, 0, 13.5, 14], "texture": "#2"},
				"up": {"uv": [15.5, 4.5, 15, 4], "texture": "#2"},
				"down": {"uv": [15.5, 5, 15, 5.5], "texture": "#2"}
			}
		},
		{
			"from": [7.45, 0, 8.3],
			"to": [7.7, 14, 8.55],
			"faces": {
				"north": {"uv": [3, 2, 3.5, 16], "texture": "#2"},
				"east": {"uv": [14, 0, 14.5, 14], "texture": "#2"},
				"south": {"uv": [1, 2, 1.5, 16], "texture": "#2"},
				"west": {"uv": [2, 2, 2.5, 16], "texture": "#2"},
				"up": {"uv": [15.5, 6.5, 15, 6], "texture": "#2"},
				"down": {"uv": [15.5, 7, 15, 7.5], "texture": "#2"}
			}
		},
		{
			"from": [8.3, 0, 8.3],
			"to": [8.55, 14, 8.55],
			"faces": {
				"north": {"uv": [7, 2, 7.5, 16], "texture": "#2"},
				"east": {"uv": [8, 2, 8.5, 16], "texture": "#2"},
				"south": {"uv": [9, 2, 9.5, 16], "texture": "#2"},
				"west": {"uv": [10, 2, 10.5, 16], "texture": "#2"},
				"up": {"uv": [15.5, 8.5, 15, 8], "texture": "#2"},
				"down": {"uv": [15.5, 9, 15, 9.5], "texture": "#2"}
			}
		},
		{
			"from": [7.7, 0, 8.3],
			"to": [8.3, 14, 8.7],
			"faces": {
				"north": {"uv": [13.5, 5, 14.5, 16], "texture": "#2"},
				"east": {"uv": [8, 1, 9, 16], "texture": "#2"},
				"south": {"uv": [6, 0, 7, 16], "texture": "#2"},
				"west": {"uv": [10, 1.5, 11, 16], "texture": "#2"},
				"up": {"uv": [15.5, 10.5, 15, 10], "texture": "#2"},
				"down": {"uv": [16, 11, 15, 12], "texture": "#2"}
			}
		},
		{
			"from": [7.7, 0, 7.3],
			"to": [8.3, 14, 7.7],
			"faces": {
				"north": {"uv": [9, 0, 10, 14], "texture": "#2"},
				"east": {"uv": [12, 2, 12.5, 16], "texture": "#2"},
				"south": {"uv": [13, 2, 13.5, 16], "texture": "#2"},
				"west": {"uv": [14, 2, 14.5, 16], "texture": "#2"},
				"up": {"uv": [15.5, 12.5, 15, 12], "texture": "#2"},
				"down": {"uv": [15.5, 12.5, 14.5, 13.5], "texture": "#2"}
			}
		},
		{
			"from": [7.5, 11.75, 6.95],
			"to": [8.25, 12, 7],
			"faces": {
				"north": {"uv": [2, 13, 5, 14], "texture": "#1"},
				"east": {"uv": [2, 13, 3, 14], "texture": "#1"},
				"south": {"uv": [4, 4, 6, 5], "texture": "#1"},
				"west": {"uv": [4, 13, 5, 14], "texture": "#1"},
				"up": {"uv": [8, 1, 6, 0], "texture": "#1"},
				"down": {"uv": [5, 13, 2, 14], "texture": "#1"}
			}
		},
		{
			"from": [7.25, 12, 6.95],
			"to": [7.5, 13, 7],
			"faces": {
				"north": {"uv": [5, 9, 6, 13], "texture": "#1"},
				"east": {"uv": [4, 6, 5, 8], "texture": "#1"},
				"south": {"uv": [6, 4, 7, 6], "texture": "#1"},
				"west": {"uv": [5, 9, 6, 11], "texture": "#1"},
				"up": {"uv": [9, 9, 8, 8], "texture": "#1"},
				"down": {"uv": [1, 10, 0, 11], "texture": "#1"}
			}
		},
		{
			"from": [7, 12.25, 6.95],
			"to": [7.25, 12.5, 7],
			"faces": {
				"north": {"uv": [6, 11, 7, 12], "texture": "#1"},
				"east": {"uv": [2, 10, 3, 11], "texture": "#1"},
				"south": {"uv": [10, 2, 11, 3], "texture": "#1"},
				"west": {"uv": [1, 7, 2, 8], "texture": "#1"},
				"up": {"uv": [7, 12, 6, 11], "texture": "#1"},
				"down": {"uv": [7, 11, 6, 12], "texture": "#1"}
			}
		},
		{
			"from": [7.5, 13.5, 6.95],
			"to": [8, 13.75, 7],
			"faces": {
				"north": {"uv": [3, 6, 5, 7], "texture": "#1"},
				"east": {"uv": [3, 6, 4, 7], "texture": "#1"},
				"south": {"uv": [10, 8, 11, 9], "texture": "#1"},
				"west": {"uv": [10, 10, 11, 11], "texture": "#1"},
				"up": {"uv": [5, 7, 3, 6], "texture": "#1"},
				"down": {"uv": [13, 0, 12, 1], "texture": "#1"}
			}
		},
		{
			"from": [7.25, 13.25, 6.95],
			"to": [8.25, 13.5, 7],
			"faces": {
				"north": {"uv": [1, 8, 5, 9], "texture": "#1"},
				"east": {"uv": [1, 12, 2, 13], "texture": "#1"},
				"south": {"uv": [8, 0, 10, 1], "texture": "#1"},
				"west": {"uv": [12, 2, 13, 3], "texture": "#1"},
				"up": {"uv": [11, 11, 10, 10], "texture": "#1"},
				"down": {"uv": [5, 8, 4, 9], "texture": "#1"}
			}
		},
		{
			"from": [8.5, 12.25, 6.95],
			"to": [8.75, 12.75, 7],
			"faces": {
				"north": {"uv": [0, 10, 1, 12], "texture": "#1"},
				"east": {"uv": [0, 10, 1, 12], "texture": "#1"},
				"south": {"uv": [6, 12, 7, 13], "texture": "#1"},
				"west": {"uv": [12, 6, 13, 7], "texture": "#1"},
				"up": {"uv": [1, 11, 0, 10], "texture": "#1"},
				"down": {"uv": [1, 11, 0, 12], "texture": "#1"}
			}
		},
		{
			"from": [7.5, 12, 6.95],
			"to": [8.5, 13.25, 7],
			"faces": {
				"north": {"uv": [1, 8, 5, 13], "texture": "#1"},
				"east": {"uv": [1, 12, 2, 13], "texture": "#1"},
				"south": {"uv": [2, 0, 4, 3], "texture": "#1"},
				"west": {"uv": [4, 0, 5, 3], "texture": "#1"},
				"up": {"uv": [6, 9, 4, 8], "texture": "#1"},
				"down": {"uv": [2, 12, 1, 13], "texture": "#1"}
			}
		},
		{
			"from": [7.5, 11.75, 9],
			"to": [8.25, 12, 9.05],
			"rotation": {"angle": 0, "axis": "y", "origin": [0, 0, 16]},
			"faces": {
				"north": {"uv": [6, 4, 4, 5], "texture": "#1"},
				"east": {"uv": [3, 13, 2, 14], "texture": "#1"},
				"south": {"uv": [5, 13, 2, 14], "texture": "#1"},
				"west": {"uv": [5, 13, 4, 14], "texture": "#1"},
				"up": {"uv": [8, 0, 6, 1], "texture": "#1"},
				"down": {"uv": [5, 14, 2, 13], "texture": "#1"}
			}
		},
		{
			"from": [7.25, 12, 9],
			"to": [7.5, 13, 9.05],
			"rotation": {"angle": 0, "axis": "y", "origin": [0, 0, 16]},
			"faces": {
				"north": {"uv": [7, 4, 6, 6], "texture": "#1"},
				"east": {"uv": [5, 6, 4, 8], "texture": "#1"},
				"south": {"uv": [6, 9, 5, 13], "texture": "#1"},
				"west": {"uv": [6, 9, 5, 11], "texture": "#1"},
				"up": {"uv": [9, 8, 8, 9], "texture": "#1"},
				"down": {"uv": [1, 11, 0, 10], "texture": "#1"}
			}
		},
		{
			"from": [7, 12.25, 9],
			"to": [7.25, 12.5, 9.05],
			"rotation": {"angle": 0, "axis": "y", "origin": [0, 0, 16]},
			"faces": {
				"north": {"uv": [11, 2, 10, 3], "texture": "#1"},
				"east": {"uv": [3, 10, 2, 11], "texture": "#1"},
				"south": {"uv": [7, 11, 6, 12], "texture": "#1"},
				"west": {"uv": [2, 7, 1, 8], "texture": "#1"},
				"up": {"uv": [7, 11, 6, 12], "texture": "#1"},
				"down": {"uv": [7, 12, 6, 11], "texture": "#1"}
			}
		},
		{
			"from": [7.5, 13.5, 9],
			"to": [8, 13.75, 9.05],
			"rotation": {"angle": 0, "axis": "y", "origin": [0, 0, 16]},
			"faces": {
				"north": {"uv": [11, 8, 10, 9], "texture": "#1"},
				"east": {"uv": [4, 6, 3, 7], "texture": "#1"},
				"south": {"uv": [5, 6, 3, 7], "texture": "#1"},
				"west": {"uv": [11, 10, 10, 11], "texture": "#1"},
				"up": {"uv": [5, 6, 3, 7], "texture": "#1"},
				"down": {"uv": [13, 1, 12, 0], "texture": "#1"}
			}
		},
		{
			"from": [7.25, 13.25, 9],
			"to": [8.25, 13.5, 9.05],
			"rotation": {"angle": 0, "axis": "y", "origin": [0, 0, 16]},
			"faces": {
				"north": {"uv": [10, 0, 8, 1], "texture": "#1"},
				"east": {"uv": [2, 12, 1, 13], "texture": "#1"},
				"south": {"uv": [5, 8, 1, 9], "texture": "#1"},
				"west": {"uv": [13, 2, 12, 3], "texture": "#1"},
				"up": {"uv": [11, 10, 10, 11], "texture": "#1"},
				"down": {"uv": [5, 9, 4, 8], "texture": "#1"}
			}
		},
		{
			"from": [8.5, 12.25, 9],
			"to": [8.75, 12.75, 9.05],
			"rotation": {"angle": 0, "axis": "y", "origin": [0, 0, 16]},
			"faces": {
				"north": {"uv": [7, 12, 6, 13], "texture": "#1"},
				"east": {"uv": [1, 10, 0, 12], "texture": "#1"},
				"south": {"uv": [1, 10, 0, 12], "texture": "#1"},
				"west": {"uv": [13, 6, 12, 7], "texture": "#1"},
				"up": {"uv": [1, 10, 0, 11], "texture": "#1"},
				"down": {"uv": [1, 12, 0, 11], "texture": "#1"}
			}
		},
		{
			"from": [7.5, 12, 9],
			"to": [8.5, 13.25, 9.05],
			"rotation": {"angle": 0, "axis": "y", "origin": [0, 0, 16]},
			"faces": {
				"north": {"uv": [4, 0, 2, 3], "texture": "#1"},
				"east": {"uv": [2, 12, 1, 13], "texture": "#1"},
				"south": {"uv": [5, 8, 1, 13], "texture": "#1"},
				"west": {"uv": [5, 0, 4, 3], "texture": "#1"},
				"up": {"uv": [6, 8, 4, 9], "texture": "#1"},
				"down": {"uv": [2, 13, 1, 12], "texture": "#1"}
			}
		},
		{
			"from": [7, 11.75, 7],
			"to": [9, 13.75, 9],
			"faces": {
				"north": {"uv": [0, 0, 2, 2], "texture": "#3"},
				"east": {"uv": [0, 2, 2, 4], "texture": "#3"},
				"south": {"uv": [2, 0, 4, 2], "texture": "#3"},
				"west": {"uv": [2, 2, 4, 4], "texture": "#3"},
				"up": {"uv": [2, 6, 0, 4], "texture": "#3"},
				"down": {"uv": [6, 0, 4, 2], "texture": "#3"}
			}
		},
		{
			"from": [9, 12, 7.25],
			"to": [11, 13.5, 8.75],
			"faces": {
				"north": {"uv": [2, 4, 4, 6], "texture": "#3"},
				"east": {"uv": [4, 2, 6, 4], "texture": "#3"},
				"south": {"uv": [4, 4, 6, 6], "texture": "#3"},
				"west": {"uv": [0, 6, 2, 8], "texture": "#3"},
				"up": {"uv": [8, 2, 6, 0], "texture": "#3"},
				"down": {"uv": [4, 6, 2, 8], "texture": "#3"}
			}
		},
		{
			"from": [5, 12, 7.25],
			"to": [7, 13.5, 8.75],
			"faces": {
				"north": {"uv": [6, 2, 8, 4], "texture": "#3"},
				"east": {"uv": [4, 6, 6, 8], "texture": "#3"},
				"south": {"uv": [6, 4, 8, 6], "texture": "#3"},
				"west": {"uv": [6, 6, 8, 8], "texture": "#3"},
				"up": {"uv": [2, 10, 0, 8], "texture": "#3"},
				"down": {"uv": [10, 0, 8, 2], "texture": "#3"}
			}
		},
		{
			"from": [10.5, 11.75, 7.5],
			"to": [12.5, 13, 8.5],
			"rotation": {"angle": 0, "axis": "z", "origin": [11.75, 12.5, 8]},
			"faces": {
				"north": {"uv": [2, 8, 4, 9], "texture": "#3"},
				"east": {"uv": [10, 6, 11, 7], "texture": "#3"},
				"south": {"uv": [8, 2, 10, 3], "texture": "#3"},
				"west": {"uv": [10, 7, 11, 8], "texture": "#3"},
				"up": {"uv": [10, 4, 8, 3], "texture": "#3"},
				"down": {"uv": [6, 8, 4, 9], "texture": "#3"}
			}
		},
		{
			"from": [3.5, 11.75, 7.5],
			"to": [5.5, 13, 8.5],
			"rotation": {"angle": 0, "axis": "z", "origin": [11.75, 12.5, 8]},
			"faces": {
				"north": {"uv": [8, 4, 10, 5], "texture": "#3"},
				"east": {"uv": [8, 10, 9, 11], "texture": "#3"},
				"south": {"uv": [8, 5, 10, 6], "texture": "#3"},
				"west": {"uv": [10, 8, 11, 9], "texture": "#3"},
				"up": {"uv": [8, 9, 6, 8], "texture": "#3"},
				"down": {"uv": [10, 6, 8, 7], "texture": "#3"}
			}
		},
		{
			"from": [12, 11.5, 7.6],
			"to": [14, 12.5, 8.4],
			"rotation": {"angle": 0, "axis": "z", "origin": [13.25, 12.375, 8]},
			"faces": {
				"north": {"uv": [8, 7, 10, 8], "texture": "#3"},
				"east": {"uv": [9, 10, 10, 11], "texture": "#3"},
				"south": {"uv": [8, 8, 10, 9], "texture": "#3"},
				"west": {"uv": [10, 9, 11, 10], "texture": "#3"},
				"up": {"uv": [4, 10, 2, 9], "texture": "#3"},
				"down": {"uv": [6, 9, 4, 10], "texture": "#3"}
			}
		},
		{
			"from": [2, 11.5, 7.6],
			"to": [4, 12.5, 8.4],
			"rotation": {"angle": 0, "axis": "z", "origin": [13.25, 12.375, 8]},
			"faces": {
				"north": {"uv": [6, 9, 8, 10], "texture": "#3"},
				"east": {"uv": [10, 10, 11, 11], "texture": "#3"},
				"south": {"uv": [8, 9, 10, 10], "texture": "#3"},
				"west": {"uv": [0, 11, 1, 12], "texture": "#3"},
				"up": {"uv": [2, 11, 0, 10], "texture": "#3"},
				"down": {"uv": [12, 0, 10, 1], "texture": "#3"}
			}
		},
		{
			"from": [13.5, 11.25, 7.7],
			"to": [15, 12.05, 8.3],
			"rotation": {"angle": 0, "axis": "z", "origin": [14.21351, 11.43471, 8]},
			"faces": {
				"north": {"uv": [10, 1, 12, 2], "texture": "#3"},
				"east": {"uv": [1, 11, 2, 12], "texture": "#3"},
				"south": {"uv": [2, 10, 4, 11], "texture": "#3"},
				"west": {"uv": [2, 11, 3, 12], "texture": "#3"},
				"up": {"uv": [12, 3, 10, 2], "texture": "#3"},
				"down": {"uv": [12, 3, 10, 4], "texture": "#3"}
			}
		},
		{
			"from": [1, 11.25, 7.7],
			"to": [2.5, 12.05, 8.3],
			"rotation": {"angle": 0, "axis": "z", "origin": [14.21351, 11.43471, 8]},
			"faces": {
				"north": {"uv": [4, 10, 6, 11], "texture": "#3"},
				"east": {"uv": [3, 11, 4, 12], "texture": "#3"},
				"south": {"uv": [10, 4, 12, 5], "texture": "#3"},
				"west": {"uv": [4, 11, 5, 12], "texture": "#3"},
				"up": {"uv": [12, 6, 10, 5], "texture": "#3"},
				"down": {"uv": [8, 10, 6, 11], "texture": "#3"}
			}
		}
	],
	"display": {
		"thirdperson_righthand": {
			"rotation": [0, 90, -4],
			"translation": [0, 3, 1.5]
		},
		"thirdperson_lefthand": {
			"rotation": [0, -90, 4],
			"translation": [0, 3, 1.5]
		},
		"firstperson_righthand": {
			"rotation": [17, 90, 0],
			"translation": [0.5, 3, 2]
		},
		"firstperson_lefthand": {
			"rotation": [17, -90, 0],
			"translation": [0.5, 3, 2]
		},
		"ground": {
			"rotation": [90, 0, 0],
			"translation": [0, -2.75, 0]
		},
		"gui": {
			"rotation": [0, 0, 45],
			"translation": [1, -1, 0],
			"scale": [1.05, 1.05, 1.1]
		},
		"head": {
			"translation": [0, 8.5, 0]
		},
		"fixed": {
			"rotation": [0, 0, -45],
			"translation": [0, 0, 0.5],
			"scale": [1.2, 1.2, 1.2]
		}
	},
	"groups": [
		21,
		{
			"name": "group",
			"origin": [0, 0, 0],
			"color": 0,
			"children": [1, 2, 3, 4, 5, 6]
		},
		{
			"name": "group",
			"origin": [0, 0, 0],
			"color": 0,
			"children": [8, 9, 10, 11, 12, 13, 14]
		},
		{
			"name": "group",
			"origin": [0, 0, 0],
			"color": 0,
			"children": [15, 16, 17, 18, 19, 20, 0]
		},
		{
			"name": "group",
			"origin": [14.21351, 11.43471, 8],
			"color": 0,
			"children": [22, 23, 24, 26, 27, 28, 29, 25, 7]
		}
	]
}