{
	"credit": "Made with Blockbench",
	"texture_size": [32, 32],
	"textures": {
		"4": "custom/hilttexture",
		"5": "custom/guardtexture",
		"6": "custom/bladetexture",
		"particle": "custom/hilttexture"
	},
	"elements": [
		{
			"name": "hilt main",
			"from": [7, 2, 7.5],
			"to": [8, 6, 8.5],
			"faces": {
				"north": {"uv": [0, 0, 2, 8], "texture": "#4"},
				"east": {"uv": [2, 0, 4, 8], "texture": "#4"},
				"south": {"uv": [4, 0, 6, 8], "texture": "#4"},
				"west": {"uv": [6, 0, 8, 8], "texture": "#4"},
				"up": {"uv": [14, 14, 12, 12], "texture": "#4"},
				"down": {"uv": [16, 4, 14, 6], "texture": "#4"}
			}
		},
		{
			"name": "hilt left",
			"from": [7.25, 2, 8.5],
			"to": [7.75, 6, 8.75],
			"faces": {
				"north": {"uv": [0, 8, 1, 16], "texture": "#4"},
				"east": {"uv": [8, 0, 9, 8], "texture": "#4"},
				"south": {"uv": [2, 8, 3, 16], "texture": "#4"},
				"west": {"uv": [4, 8, 5, 16], "texture": "#4"},
				"up": {"uv": [15, 11, 14, 10], "texture": "#4"},
				"down": {"uv": [13, 14, 12, 15], "texture": "#4"}
			}
		},
		{
			"name": "hilt right",
			"from": [7.25, 2, 7.25],
			"to": [7.75, 6, 7.5],
			"faces": {
				"north": {"uv": [6, 8, 7, 16], "texture": "#4"},
				"east": {"uv": [8, 8, 9, 16], "texture": "#4"},
				"south": {"uv": [10, 0, 11, 8], "texture": "#4"},
				"west": {"uv": [10, 8, 11, 16], "texture": "#4"},
				"up": {"uv": [15, 13, 14, 12], "texture": "#4"},
				"down": {"uv": [15, 14, 14, 15], "texture": "#4"}
			}
		},
		{
			"name": "hilt bottom",
			"from": [6.9, 1, 7],
			"to": [8.1, 2, 9],
			"faces": {
				"north": {"uv": [14, 6, 16, 8], "texture": "#4"},
				"east": {"uv": [12, 0, 16, 2], "texture": "#4"},
				"south": {"uv": [14, 8, 16, 10], "texture": "#4"},
				"west": {"uv": [12, 2, 16, 4], "texture": "#4"},
				"up": {"uv": [14, 8, 12, 4], "texture": "#4"},
				"down": {"uv": [14, 8, 12, 12], "texture": "#4"}
			}
		},
		{
			"name": "blade l1",
			"from": [7.37, 7, 9],
			"to": [7.62, 18, 9.25],
			"faces": {
				"north": {"uv": [2, 0, 2.25, 5.5], "texture": "#6"},
				"east": {"uv": [2.5, 0, 2.75, 5.5], "texture": "#6"},
				"south": {"uv": [3, 0, 3.25, 5.5], "texture": "#6"},
				"west": {"uv": [3.5, 0, 3.75, 5.5], "texture": "#6"},
				"up": {"uv": [6.75, 4.25, 6.5, 4], "texture": "#6"},
				"down": {"uv": [4.75, 6.5, 4.5, 6.75], "texture": "#6"}
			}
		},
		{
			"name": "blade l2",
			"from": [7.37, 7, 7.75],
			"to": [7.62, 18, 8.25],
			"faces": {
				"north": {"uv": [2, 0, 2.25, 5.5], "texture": "#6"},
				"east": {"uv": [2.5, 0, 2.75, 5.5], "texture": "#6"},
				"south": {"uv": [3, 0, 3.25, 5.5], "texture": "#6"},
				"west": {"uv": [3.5, 0, 3.75, 5.5], "texture": "#6"},
				"up": {"uv": [6.75, 4.25, 6.5, 4], "texture": "#6"},
				"down": {"uv": [4.75, 6.5, 4.5, 6.75], "texture": "#6"}
			}
		},
		{
			"name": "blade r1",
			"from": [7.37, 7, 6.75],
			"to": [7.62, 18, 7],
			"faces": {
				"north": {"uv": [4, 0, 4.25, 5.5], "texture": "#6"},
				"east": {"uv": [4.5, 0, 4.75, 5.5], "texture": "#6"},
				"south": {"uv": [5, 0, 5.25, 5.5], "texture": "#6"},
				"west": {"uv": [0, 5.5, 0.25, 11], "texture": "#6"},
				"up": {"uv": [6.75, 4.75, 6.5, 4.5], "texture": "#6"},
				"down": {"uv": [5.25, 6.5, 5, 6.75], "texture": "#6"}
			}
		},
		{
			"name": "blade r2",
			"from": [7.37, 18, 7],
			"to": [7.62, 20, 7.25],
			"faces": {
				"north": {"uv": [3, 5.5, 3.25, 6.5], "texture": "#6"},
				"east": {"uv": [3.5, 5.5, 3.75, 6.5], "texture": "#6"},
				"south": {"uv": [4, 5.5, 4.25, 6.5], "texture": "#6"},
				"west": {"uv": [4.5, 5.5, 4.75, 6.5], "texture": "#6"},
				"up": {"uv": [6.75, 5.25, 6.5, 5], "texture": "#6"},
				"down": {"uv": [5.75, 6.5, 5.5, 6.75], "texture": "#6"}
			}
		},
		{
			"name": "blade l2",
			"from": [7.37, 18, 8.75],
			"to": [7.62, 20, 9],
			"faces": {
				"north": {"uv": [5, 5.5, 5.25, 6.5], "texture": "#6"},
				"east": {"uv": [5.5, 5.5, 5.75, 6.5], "texture": "#6"},
				"south": {"uv": [6, 0, 6.25, 1], "texture": "#6"},
				"west": {"uv": [6, 1, 6.25, 2], "texture": "#6"},
				"up": {"uv": [6.75, 5.75, 6.5, 5.5], "texture": "#6"},
				"down": {"uv": [6.75, 6, 6.5, 6.25], "texture": "#6"}
			}
		},
		{
			"name": "blade r3",
			"from": [7.37, 20, 7.25],
			"to": [7.62, 21, 7.5],
			"faces": {
				"north": {"uv": [6.5, 1, 6.75, 1.5], "texture": "#6"},
				"east": {"uv": [1.5, 6.5, 1.75, 7], "texture": "#6"},
				"south": {"uv": [6.5, 1.5, 6.75, 2], "texture": "#6"},
				"west": {"uv": [2, 6.5, 2.25, 7], "texture": "#6"},
				"up": {"uv": [6.75, 6.75, 6.5, 6.5], "texture": "#6"},
				"down": {"uv": [7.25, 0, 7, 0.25], "texture": "#6"}
			}
		},
		{
			"name": "blade l3",
			"from": [7.37, 20, 8.5],
			"to": [7.62, 21, 8.75],
			"faces": {
				"north": {"uv": [6.5, 2, 6.75, 2.5], "texture": "#6"},
				"east": {"uv": [2.5, 6.5, 2.75, 7], "texture": "#6"},
				"south": {"uv": [6.5, 2.5, 6.75, 3], "texture": "#6"},
				"west": {"uv": [3, 6.5, 3.25, 7], "texture": "#6"},
				"up": {"uv": [7.25, 0.75, 7, 0.5], "texture": "#6"},
				"down": {"uv": [7.25, 1, 7, 1.25], "texture": "#6"}
			}
		},
		{
			"name": "blade r4",
			"from": [7.37, 21, 7.5],
			"to": [7.62, 21.5, 7.75],
			"faces": {
				"north": {"uv": [1.5, 7, 1.75, 7.25], "texture": "#6"},
				"east": {"uv": [7, 1.5, 7.25, 1.75], "texture": "#6"},
				"south": {"uv": [2, 7, 2.25, 7.25], "texture": "#6"},
				"west": {"uv": [7, 2, 7.25, 2.25], "texture": "#6"},
				"up": {"uv": [2.75, 7.25, 2.5, 7], "texture": "#6"},
				"down": {"uv": [7.25, 2.5, 7, 2.75], "texture": "#6"}
			}
		},
		{
			"name": "blade  l4",
			"from": [7.37, 21, 8.25],
			"to": [7.62, 21.5, 8.5],
			"faces": {
				"north": {"uv": [3, 7, 3.25, 7.25], "texture": "#6"},
				"east": {"uv": [7, 3, 7.25, 3.25], "texture": "#6"},
				"south": {"uv": [3.5, 7, 3.75, 7.25], "texture": "#6"},
				"west": {"uv": [7, 3.5, 7.25, 3.75], "texture": "#6"},
				"up": {"uv": [4.25, 7.25, 4, 7], "texture": "#6"},
				"down": {"uv": [7.25, 4, 7, 4.25], "texture": "#6"}
			}
		},
		{
			"name": "blade top",
			"from": [7.37, 21.5, 7.75],
			"to": [7.62, 22, 8.25],
			"faces": {
				"north": {"uv": [4.5, 7, 4.75, 7.25], "texture": "#6"},
				"east": {"uv": [7, 4.5, 7.25, 4.75], "texture": "#6"},
				"south": {"uv": [5, 7, 5.25, 7.25], "texture": "#6"},
				"west": {"uv": [7, 5, 7.25, 5.25], "texture": "#6"},
				"up": {"uv": [5.75, 7.25, 5.5, 7], "texture": "#6"},
				"down": {"uv": [7.25, 5.5, 7, 5.75], "texture": "#6"}
			}
		},
		{
			"name": "blade main4",
			"from": [7.25, 21, 7.75],
			"to": [7.75, 21.5, 8.25],
			"faces": {
				"north": {"uv": [6, 7, 6.25, 7.25], "texture": "#6"},
				"east": {"uv": [7, 6, 7.25, 6.25], "texture": "#6"},
				"south": {"uv": [6.5, 7, 6.75, 7.25], "texture": "#6"},
				"west": {"uv": [7, 6.5, 7.25, 6.75], "texture": "#6"},
				"up": {"uv": [7.25, 7.25, 7, 7], "texture": "#6"},
				"down": {"uv": [7.75, 0, 7.5, 0.25], "texture": "#6"}
			}
		},
		{
			"name": "blade main3",
			"from": [7.25, 20, 7.5],
			"to": [7.75, 21, 8.5],
			"faces": {
				"north": {"uv": [6.5, 3, 6.75, 3.5], "texture": "#6"},
				"east": {"uv": [6, 2, 6.5, 2.5], "texture": "#6"},
				"south": {"uv": [3.5, 6.5, 3.75, 7], "texture": "#6"},
				"west": {"uv": [6, 2.5, 6.5, 3], "texture": "#6"},
				"up": {"uv": [6.75, 4, 6.5, 3.5], "texture": "#6"},
				"down": {"uv": [4.25, 6.5, 4, 7], "texture": "#6"}
			}
		},
		{
			"name": "blade main2",
			"from": [7.25, 18, 7.25],
			"to": [7.75, 20, 8.75],
			"faces": {
				"north": {"uv": [6, 3, 6.25, 4], "texture": "#6"},
				"east": {"uv": [1, 5.5, 1.75, 6.5], "texture": "#6"},
				"south": {"uv": [6, 4, 6.25, 5], "texture": "#6"},
				"west": {"uv": [2, 5.5, 2.75, 6.5], "texture": "#6"},
				"up": {"uv": [6.75, 0.75, 6.5, 0], "texture": "#6"},
				"down": {"uv": [1.25, 6.5, 1, 7.25], "texture": "#6"}
			}
		},
		{
			"name": "blade main",
			"from": [7.25, 7, 8.25],
			"to": [7.75, 18, 9],
			"faces": {
				"north": {"uv": [5.5, 0, 5.75, 5.5], "texture": "#6"},
				"east": {"uv": [0, 0, 1, 5.5], "texture": "#6"},
				"south": {"uv": [0.5, 5.5, 0.75, 11], "texture": "#6"},
				"west": {"uv": [1, 0, 2, 5.5], "texture": "#6"},
				"up": {"uv": [6.25, 6, 6, 5], "texture": "#6"},
				"down": {"uv": [6.25, 6, 6, 7], "texture": "#6"}
			}
		},
		{
			"name": "blade main",
			"from": [7.25, 7, 7],
			"to": [7.75, 18, 7.75],
			"faces": {
				"north": {"uv": [5.5, 0, 5.75, 5.5], "texture": "#6"},
				"east": {"uv": [0, 0, 1, 5.5], "texture": "#6"},
				"south": {"uv": [0.5, 5.5, 0.75, 11], "texture": "#6"},
				"west": {"uv": [1, 0, 2, 5.5], "texture": "#6"},
				"up": {"uv": [6.25, 6, 6, 5], "texture": "#6"},
				"down": {"uv": [6.25, 6, 6, 7], "texture": "#6"}
			}
		},
		{
			"name": "guard",
			"from": [7, 6.7, 6],
			"to": [8, 7, 10.25],
			"faces": {
				"north": {"uv": [0, 2, 2, 4], "texture": "#5"},
				"east": {"uv": [0, 0, 8, 2], "texture": "#5"},
				"south": {"uv": [10, 6, 12, 8], "texture": "#5"},
				"west": {"uv": [0, 2, 8, 4], "texture": "#5"},
				"up": {"uv": [2, 12, 0, 4], "texture": "#5"},
				"down": {"uv": [4, 4, 2, 12], "texture": "#5"}
			}
		},
		{
			"name": "guard",
			"from": [7.1, 6.3, 6],
			"to": [7.9, 6.7, 10.25],
			"faces": {
				"north": {"uv": [0, 2, 2, 4], "texture": "#5"},
				"east": {"uv": [0, 0, 8, 2], "texture": "#5"},
				"south": {"uv": [10, 6, 12, 8], "texture": "#5"},
				"west": {"uv": [0, 2, 8, 4], "texture": "#5"},
				"up": {"uv": [2, 12, 0, 4], "texture": "#5"},
				"down": {"uv": [4, 4, 2, 12], "texture": "#5"}
			}
		},
		{
			"name": "guard",
			"from": [7, 6, 6],
			"to": [8, 6.3, 10.25],
			"faces": {
				"north": {"uv": [0, 2, 2, 4], "texture": "#5"},
				"east": {"uv": [0, 0, 8, 2], "texture": "#5"},
				"south": {"uv": [10, 6, 12, 8], "texture": "#5"},
				"west": {"uv": [0, 2, 8, 4], "texture": "#5"},
				"up": {"uv": [2, 12, 0, 4], "texture": "#5"},
				"down": {"uv": [4, 4, 2, 12], "texture": "#5"}
			}
		},
		{
			"name": "guard l",
			"from": [6.9, 5.85, 9.75],
			"to": [8.1, 6.25, 10.75],
			"faces": {
				"north": {"uv": [4, 4, 6, 7], "texture": "#5"},
				"east": {"uv": [13, 9, 15, 12], "texture": "#5"},
				"south": {"uv": [13, 9, 16, 12], "texture": "#5"},
				"west": {"uv": [6, 11, 8, 14], "texture": "#5"},
				"up": {"uv": [12, 10, 10, 8], "texture": "#5"},
				"down": {"uv": [16, 7, 13, 9], "texture": "#5"}
			}
		},
		{
			"name": "guard l",
			"from": [6.9, 6.25, 10],
			"to": [8.1, 6.75, 10.75],
			"faces": {
				"north": {"uv": [4, 4, 6, 7], "texture": "#5"},
				"east": {"uv": [6, 4, 8, 7], "texture": "#5"},
				"south": {"uv": [13, 13, 16, 16], "texture": "#5"},
				"west": {"uv": [4, 8, 6, 11], "texture": "#5"},
				"up": {"uv": [12, 10, 10, 8], "texture": "#5"},
				"down": {"uv": [12, 10, 10, 12], "texture": "#5"}
			}
		},
		{
			"name": "guard l",
			"from": [6.9, 6.75, 9.75],
			"to": [8.1, 7.15, 10.75],
			"faces": {
				"north": {"uv": [4, 4, 6, 7], "texture": "#5"},
				"east": {"uv": [13, 10, 15, 13], "texture": "#5"},
				"south": {"uv": [13, 10, 16, 13], "texture": "#5"},
				"west": {"uv": [4, 11, 6, 14], "texture": "#5"},
				"up": {"uv": [16, 9, 13, 7], "texture": "#5"},
				"down": {"uv": [12, 10, 10, 12], "texture": "#5"}
			}
		},
		{
			"name": "guard l",
			"from": [6.9, 5.85, 5.255],
			"to": [8.1, 6.25, 6.255],
			"rotation": {"angle": 0, "axis": "y", "origin": [7.5, 6.5, 5.5625]},
			"faces": {
				"north": {"uv": [13, 9, 16, 12], "texture": "#5"},
				"east": {"uv": [6, 11, 8, 14], "texture": "#5"},
				"south": {"uv": [4, 4, 6, 7], "texture": "#5"},
				"west": {"uv": [13, 9, 15, 12], "texture": "#5"},
				"up": {"uv": [12, 10, 10, 8], "rotation": 180, "texture": "#5"},
				"down": {"uv": [16, 7, 13, 9], "rotation": 180, "texture": "#5"}
			}
		},
		{
			"name": "guard l",
			"from": [6.9, 6.25, 5.255],
			"to": [8.1, 6.75, 6.005],
			"rotation": {"angle": 0, "axis": "y", "origin": [7.5, 6.5, 5.5625]},
			"faces": {
				"north": {"uv": [13, 13, 16, 16], "texture": "#5"},
				"east": {"uv": [4, 8, 6, 11], "texture": "#5"},
				"south": {"uv": [4, 4, 6, 7], "texture": "#5"},
				"west": {"uv": [6, 4, 8, 7], "texture": "#5"},
				"up": {"uv": [12, 10, 10, 8], "rotation": 180, "texture": "#5"},
				"down": {"uv": [12, 10, 10, 12], "rotation": 180, "texture": "#5"}
			}
		},
		{
			"name": "guard l",
			"from": [6.9, 6.75, 5.255],
			"to": [8.1, 7.15, 6.255],
			"rotation": {"angle": 0, "axis": "y", "origin": [7.5, 6.5, 5.5625]},
			"faces": {
				"north": {"uv": [13, 10, 16, 13], "texture": "#5"},
				"east": {"uv": [4, 11, 6, 14], "texture": "#5"},
				"south": {"uv": [4, 4, 6, 7], "texture": "#5"},
				"west": {"uv": [13, 10, 15, 13], "texture": "#5"},
				"up": {"uv": [16, 9, 13, 7], "rotation": 180, "texture": "#5"},
				"down": {"uv": [12, 10, 10, 12], "rotation": 180, "texture": "#5"}
			}
		}
	],
	"display": {
		"thirdperson_righthand": {
			"translation": [0.75, 3.25, 1.75],
			"scale": [1.3, 1.3, 1.3]
		},
		"thirdperson_lefthand": {
			"translation": [-0.75, 3.25, 1.75],
			"scale": [1.3, 1.3, 1.3]
		},
		"firstperson_righthand": {
			"translation": [0.5, 2.75, 0]
		},
		"firstperson_lefthand": {
			"translation": [0.5, 2.75, 0]
		},
		"ground": {
			"rotation": [0, 0, 90],
			"translation": [0, -2.75, 0]
		},
		"gui": {
			"rotation": [-121.55, 48.69, 90.15],
			"translation": [2, -2, 0]
		},
		"head": {
			"translation": [0, 9, 0]
		},
		"fixed": {
			"rotation": [89.49, 45.77, -89.32],
			"translation": [-2.25, -2.5, 0.25],
			"scale": [1.1, 1.1, 1.1]
		}
	},
	"groups": [
		{
			"name": "group",
			"origin": [0, 0, 0],
			"color": 0,
			"children": [0, 1, 2, 3]
		},
		{
			"name": "group",
			"origin": [0, 0, 0],
			"color": 0,
			"children": [4, 5, 6, 7, 8, 9, 10, 11, 12, 13, 14, 15, 16, 17, 18]
		},
		{
			"name": "group",
			"origin": [0, 0, 0],
			"color": 0,
			"children": [
				19,
				20,
				21,
				{
					"name": "group",
					"origin": [0, 0, 0],
					"color": 0,
					"children": [22, 23, 24]
				},
				{
					"name": "group",
					"origin": [7.5, 6.5, 5.5625],
					"color": 0,
					"children": [25, 26, 27]
				}
			]
		}
	]
}