{
    "sources": [
        {
            "type": "single",
            "resource": "minecraft:custom/flame_tex"
        },
        {
            "type": "single",
            "resource": "minecraft:custom/handletex"
        },
        {
            "type": "single",
            "resource": "minecraft:custom/pic_head_tex"
        },
        {
            "type": "single",
            "resource": "minecraft:custom/hilttexture"
        },
        {
            "type": "single",
            "resource": "minecraft:custom/guardtexture"
        },
        {
            "type": "single",
            "resource": "minecraft:custom/bladetexture"
        },
        {
            "type": "single",
            "resource": "minecraft:custom/haruma_hammer_tex"
        }
    ]
}